[
  {
    "id": 3,
    "title": "Wireless Earbuds Pro",
    "category": "Audio",
    "imageUrl": "https://www.corseca.in/cdn/shop/files/Listing-1_6452ec0d-5fdb-460b-b071-4de4b0c0f105.png?v=1727951475",
    "rating": 4.9,
    "price": 149,
    "oldPrice": 199,
    "badge": "sale"
  },
  {
    "id": 4,
    "title": "Gaming Headset Pro",
    "category": "Gaming",
    "imageUrl": "https://resource.logitech.com/content/dam/gaming/en/products/g335/g335-white-gallery-1.png",
    "rating": 4.9,
    "price": 299,
    "oldPrice": 199,
    "badge": "new"
  },
  {
    "id": 5,
    "title": "Portable Bluetooth Speaker",
    "category": "Audio",
    "imageUrl": "https://avstore.in/cdn/shop/files/1.AVStore-JBL-PartyBox-Encore-Essential-Portable-Bluetooth-Speaker-With-Light-Display-Front-Angled-View-Hero.jpg?v=1682414405",
    "rating": 4.5,
    "price": 79,
    "oldPrice": 99,
    "badge": "sale"
  }
]
